fid,idcarpeta,delito,categoria,fechahecho,ao,mes,sexo,edad,tipopersona,calidadjuri,clasificaci,lon,lat,nomgeo,cve_mun,cve_ent,cvegeo,nombre,entidad,cve_alc,alcaldia,cve_col,secc_com,secc_par
"1","8453675",ABANDONO DE PERSONA,DELITO DE BAJO IMPACTO,2015-04-01 00:00:00,"2015",Abril,Femenino,"15",FISICA,VICTIMA,FUERO COMUN,"-99.1217504001139","19.3275632958663",CoyoacÃ¡n,"003","09","09003",CROC CULHUACAN SECC 6 (U HAB),9,3,COYOACAN,03-026,"592","591"
"2","8357694",FRAUDE,DELITO DE BAJO IMPACTO,2015-09-09 15:00:00,"2015",Septiembre,Masculino,NA,FISICA,VICTIMA Y DENUNCIANTE,FUERO COMUN,"-99.1370022996676","19.2822412821872",Tlalpan,"012","09","09012",SAN BARTOLO EL CHICO,9,13,XOCHIMILCO,13-037,,"4098"
"3","8349228",FALSIFICACION DE DOCUMENTOS,DELITO DE BAJO IMPACTO,2015-08-22 12:00:00,"2015",Agosto,NA,NA,MORAL,VICTIMA,FUERO COMUN,"-99.1366564944886","19.2820240111978",Xochimilco,"013","09","09013",SAN BARTOLO EL CHICO,9,13,XOCHIMILCO,13-037,,"4098"
"4","8350025",FRAUDE,DELITO DE BAJO IMPACTO,2015-09-29 15:00:00,"2015",Septiembre,NA,NA,MORAL,VICTIMA,FUERO COMUN,"-99.1319611494785","19.2832657565362",Xochimilco,"013","09","09013",SAN BARTOLO EL CHICO,9,13,XOCHIMILCO,13-037,,"4098"
"5","8349956",FRAUDE,DELITO DE BAJO IMPACTO,2015-09-17 15:00:00,"2015",Septiembre,NA,NA,MORAL,VICTIMA,FUERO COMUN,"-99.1321106464715","19.283027892876",Xochimilco,"013","09","09013",SAN BARTOLO EL CHICO,9,13,XOCHIMILCO,13-037,,"4098"
"6","8350059",FRAUDE,DELITO DE BAJO IMPACTO,2015-09-29 15:00:00,"2015",Septiembre,NA,NA,MORAL,VICTIMA,FUERO COMUN,"-99.1321335827025","19.2830579165718",Xochimilco,"013","09","09013",SAN BARTOLO EL CHICO,9,13,XOCHIMILCO,13-037,,"4098"
"7","8368318",ROBO A CASA HABITACION SIN VIOLENCIA,DELITO DE BAJO IMPACTO,2015-11-18 14:30:00,"2015",Noviembre,Masculino,"41",FISICA,VICTIMA Y DENUNCIANTE,FUERO COMUN,"-99.2427757486793","19.3658232255399",Ãlvaro ObregÃ³n,"010","09","09010",ESTADO DE HIDALGO_,9,10,ALVARO OBREGON,10-247,,"3381, 3382, 3383"
"8","8462548",FRAUDE,DELITO DE BAJO IMPACTO,2015-10-15 16:00:00,"2015",Octubre,Masculino,"55",FISICA,VICTIMA Y DENUNCIANTE,FUERO COMUN,"-99.1158126914098","19.3893602010174",Iztacalco,"006","09","09006",PICOS IZTACALCO 1-A,9,6,IZTACALCO,06-023,,"1769, 1770"
"9","8515930",FRAUDE,DELITO DE BAJO IMPACTO,2015-08-20 12:00:00,"2015",Agosto,Masculino,NA,FISICA,VICTIMA Y DENUNCIANTE,FUERO COMUN,"-99.1398938998927","19.376061820807",Benito JuÃ¡rez,"014","09","09014",MARIA DEL CARMEN,9,14,BENITO JUAREZ,14-022,"4379","4378, 4380"
"10","8515930",FRAUDE,DELITO DE BAJO IMPACTO,2015-08-20 12:00:00,"2015",Agosto,Femenino,NA,FISICA,VICTIMA Y DENUNCIANTE,FUERO COMUN,"-99.1398938998927","19.376061820807",Benito JuÃ¡rez,"014","09","09014",MARIA DEL CARMEN,9,14,BENITO JUAREZ,14-022,"4379","4378, 4380"
"11","8516277",FRAUDE,DELITO DE BAJO IMPACTO,2015-08-08 12:00:00,"2015",Agosto,Femenino,NA,FISICA,VICTIMA Y DENUNCIANTE,FUERO COMUN,"-99.1399425486899","19.3760894827098",Benito JuÃ¡rez,"014","09","09014",MARIA DEL CARMEN,9,14,BENITO JUAREZ,14-022,"4379","4378, 4380"
"12","8420529",ABUSO DE CONFIANZA,DELITO DE BAJO IMPACTO,2015-09-23 15:00:00,"2015",Septiembre,Masculino,NA,FISICA,VICTIMA Y DENUNCIANTE,FUERO COMUN,"-99.1375939236854","19.4496480082579",CuauhtÃ©moc,"015","09","09015",NONOALCO-TLATELOLCO (U HAB) III,9,15,CUAUHTEMOC,15-061,"4670, 4671, 4672, 4673, 4674, 4677, 4678",
"13","8355702",FRAUDE,DELITO DE BAJO IMPACTO,2015-09-30 10:00:00,"2015",Septiembre,NA,NA,MORAL,VICTIMA,FUERO COMUN,"-99.149958276423","19.4219086359279",CuauhtÃ©moc,"015","09","09015",DOCTORES II,9,15,CUAUHTEMOC,15-046,"4763, 4770, 4771, 4772, 4773, 4783",
"14","8380225",FRAUDE,DELITO DE BAJO IMPACTO,2015-03-26 12:00:00,"2015",Marzo,Masculino,NA,FISICA,VICTIMA Y DENUNCIANTE,FUERO COMUN,"-99.1502051003999","19.4208262036189",CuauhtÃ©moc,"015","09","09015",DOCTORES II,9,15,CUAUHTEMOC,15-046,"4763, 4770, 4771, 4772, 4773, 4783",
"15","8384858",ABUSO DE CONFIANZA,DELITO DE BAJO IMPACTO,2015-08-01 12:00:00,"2015",Agosto,Femenino,NA,FISICA,VICTIMA Y DENUNCIANTE,FUERO COMUN,"-99.148166500408","19.4186246962952",CuauhtÃ©moc,"015","09","09015",DOCTORES II,9,15,CUAUHTEMOC,15-046,"4763, 4770, 4771, 4772, 4773, 4783",
"16","8451077",FRAUDE,DELITO DE BAJO IMPACTO,2015-10-15 12:00:00,"2015",Octubre,Masculino,NA,FISICA,VICTIMA Y DENUNCIANTE,FUERO COMUN,"-99.1490377238693","19.4193611158056",CuauhtÃ©moc,"015","09","09015",DOCTORES II,9,15,CUAUHTEMOC,15-046,"4763, 4770, 4771, 4772, 4773, 4783",
"17","8483803",FRAUDE,DELITO DE BAJO IMPACTO,2015-06-30 12:00:00,"2015",Junio,Masculino,NA,FISICA,VICTIMA Y DENUNCIANTE,FUERO COMUN,"-99.1479547367345","19.4185843458816",CuauhtÃ©moc,"015","09","09015",DOCTORES II,9,15,CUAUHTEMOC,15-046,"4763, 4770, 4771, 4772, 4773, 4783",
"18","8455922",FRAUDE,DELITO DE BAJO IMPACTO,2015-11-09 12:00:00,"2015",Noviembre,Masculino,NA,FISICA,VICTIMA Y DENUNCIANTE,FUERO COMUN,"-99.1503144550758","19.4200238676612",CuauhtÃ©moc,"015","09","09015",DOCTORES II,9,15,CUAUHTEMOC,15-046,"4763, 4770, 4771, 4772, 4773, 4783",
"19","8458976",FRAUDE,DELITO DE BAJO IMPACTO,2015-04-30 12:00:00,"2015",Abril,Masculino,NA,FISICA,VICTIMA Y DENUNCIANTE,FUERO COMUN,"-99.1500928547667","19.4213070237199",CuauhtÃ©moc,"015","09","09015",DOCTORES II,9,15,CUAUHTEMOC,15-046,"4763, 4770, 4771, 4772, 4773, 4783",
"20","8339604",FRAUDE,DELITO DE BAJO IMPACTO,2015-01-15 10:00:00,"2015",Enero,Femenino,NA,FISICA,VICTIMA Y DENUNCIANTE,FUERO COMUN,"-99.1502051003999","19.4208262036189",CuauhtÃ©moc,"015","09","09015",DOCTORES II,9,15,CUAUHTEMOC,15-046,"4763, 4770, 4771, 4772, 4773, 4783",
"21","8353776",FRAUDE,DELITO DE BAJO IMPACTO,2015-12-28 12:00:00,"2015",Diciembre,Masculino,NA,FISICA,VICTIMA,FUERO COMUN,"-99.1484846249727","19.4181458056839",CuauhtÃ©moc,"015","09","09015",DOCTORES II,9,15,CUAUHTEMOC,15-046,"4763, 4770, 4771, 4772, 4773, 4783",
"22","8362484",FRAUDE,DELITO DE BAJO IMPACTO,2015-11-16 12:00:00,"2015",Noviembre,Masculino,NA,FISICA,VICTIMA Y DENUNCIANTE,FUERO COMUN,"-99.1495736014907","19.4182773531333",CuauhtÃ©moc,"015","09","09015",DOCTORES II,9,15,CUAUHTEMOC,15-046,"4763, 4770, 4771, 4772, 4773, 4783",
"23","8476013",FRAUDE,DELITO DE BAJO IMPACTO,2015-09-11 12:00:00,"2015",Septiembre,Femenino,NA,FISICA,VICTIMA Y DENUNCIANTE,FUERO COMUN,"-99.1497276166694","19.4212644705672",CuauhtÃ©moc,"015","09","09015",DOCTORES II,9,15,CUAUHTEMOC,15-046,"4763, 4770, 4771, 4772, 4773, 4783",
"24","8398360",INSOLVENCIA ALIMENTARIA,DELITO DE BAJO IMPACTO,2015-01-07 12:00:00,"2015",Enero,Femenino,NA,FISICA,VICTIMA Y DENUNCIANTE,FUERO COMUN,"-99.1065717000086","19.2318849001009",Xochimilco,"013","09","09013",SAN ANDRES AHUAYUCAN (PBLO),9,13,XOCHIMILCO,13-035,"4262","4244, 4245, 4247, 4258, 4259, 4260, 4261, 4264"
"25","8360687",DESPOJO,DELITO DE BAJO IMPACTO,2015-05-30 09:00:00,"2015",Mayo,Masculino,"65",FISICA,VICTIMA Y DENUNCIANTE,FUERO COMUN,"-99.1376615186673","19.5289540887156",Gustavo A. Madero,"005","09","09005",LA PASTORA,9,5,GUSTAVO A. MADERO,05-106,"939, 940, 941, 942, 956, 957","924, 936, 966"
"26","8498734",LA ADMINISTRACION DE JUSTICIA,DELITO DE BAJO IMPACTO,2015-12-01 12:00:00,"2015",Diciembre,Masculino,NA,FISICA,VICTIMA Y DENUNCIANTE,FUERO COMUN,"-99.1766307010351","19.4891802959939",Azcapotzalco,"002","09","09002",SANTO TOMAS,9,2,AZCAPOTZALCO,02-099,"81, 83, 80","96"
"27","8437003",USURPACIÃ“N DE IDENTIDAD,DELITO DE BAJO IMPACTO,2015-01-01 16:00:00,"2015",Enero,Femenino,"33",FISICA,VICTIMA Y DENUNCIANTE,FUERO COMUN,"-99.0049042291302","19.2600661649165",TlÃ¡huac,"011","09","09011",QUIAHUATLA,9,11,TLAHUAC,11-030,"3710","3707, 3711"
"28","8499221",USURPACIÃ“N DE IDENTIDAD,DELITO DE BAJO IMPACTO,2015-07-29 12:00:00,"2015",Julio,Masculino,"33",FISICA,VICTIMA Y DENUNCIANTE,FUERO COMUN,"-99.1500849642428","19.4424987794157",CuauhtÃ©moc,"015","09","09015",BUENAVISTA II,9,15,CUAUHTEMOC,15-036,"4633, 4635, 4636, 4637, 4638, 4653",
"29","8419170",COHECHO,DELITO DE BAJO IMPACTO,2015-01-22 12:00:00,"2015",Enero,Femenino,NA,FISICA,VICTIMA Y DENUNCIANTE,FUERO COMUN,"-99.1409979009352","19.4247468034842",CuauhtÃ©moc,"015","09","09015",CENTRO VI,9,15,CUAUHTEMOC,15-042,"4755, 4757, 4758, 4867, 4868, 4869, 4890",
"30","8351310",FRAUDE,DELITO DE BAJO IMPACTO,2015-08-31 12:00:00,"2015",Agosto,Femenino,NA,FISICA,VICTIMA,FUERO COMUN,"-99.1394479008166","19.4244293018698",CuauhtÃ©moc,"015","09","09015",CENTRO VI,9,15,CUAUHTEMOC,15-042,"4755, 4757, 4758, 4867, 4868, 4869, 4890",
"31","8513484",USURPACIÃ“N DE IDENTIDAD,DELITO DE BAJO IMPACTO,2015-07-22 12:00:00,"2015",Julio,Masculino,NA,FISICA,VICTIMA Y DENUNCIANTE,FUERO COMUN,"-99.1447456998653","19.4316912434219",CuauhtÃ©moc,"015","09","09015",CENTRO VIII,9,15,CUAUHTEMOC,15-044,"4837, 4848, 4849, 4850, 4851, 4866, 4887, 4888","4870"
"32","8327425",ABANDONO DE PERSONA,DELITO DE BAJO IMPACTO,2015-03-05 12:00:00,"2015",Marzo,Masculino,NA,FISICA,VICTIMA,FUERO COMUN,"-99.1436089683723","19.4346517325945",CuauhtÃ©moc,"015","09","09015",CENTRO VIII,9,15,CUAUHTEMOC,15-044,"4837, 4848, 4849, 4850, 4851, 4866, 4887, 4888","4870"
"33","8368725",ABANDONO DE PERSONA,DELITO DE BAJO IMPACTO,2015-10-05 12:00:00,"2015",Octubre,Masculino,"5",FISICA,VICTIMA,FUERO COMUN,"-99.1426885009869","19.4345370981943",CuauhtÃ©moc,"015","09","09015",CENTRO VIII,9,15,CUAUHTEMOC,15-044,"4837, 4848, 4849, 4850, 4851, 4866, 4887, 4888","4870"
"34","8375720",INSOLVENCIA ALIMENTARIA,DELITO DE BAJO IMPACTO,2015-02-11 13:00:00,"2015",Febrero,Masculino,"5",FISICA,VICTIMA,FUERO COMUN,"-99.1412934014965","19.4343149426674",CuauhtÃ©moc,"015","09","09015",CENTRO VIII,9,15,CUAUHTEMOC,15-044,"4837, 4848, 4849, 4850, 4851, 4866, 4887, 4888","4870"
"35","8410975",FRAUDE,DELITO DE BAJO IMPACTO,2015-06-08 12:00:00,"2015",Junio,Femenino,NA,FISICA,VICTIMA Y DENUNCIANTE,FUERO COMUN,"-99.143488107391","19.4346143869097",CuauhtÃ©moc,"015","09","09015",CENTRO VIII,9,15,CUAUHTEMOC,15-044,"4837, 4848, 4849, 4850, 4851, 4866, 4887, 4888","4870"
"36","8390256",ABUSO DE CONFIANZA,DELITO DE BAJO IMPACTO,2015-01-15 12:00:00,"2015",Enero,Masculino,NA,FISICA,VICTIMA Y DENUNCIANTE,FUERO COMUN,"-99.1429868005964","19.4326223971764",CuauhtÃ©moc,"015","09","09015",CENTRO VIII,9,15,CUAUHTEMOC,15-044,"4837, 4848, 4849, 4850, 4851, 4866, 4887, 4888","4870"
"37","8400858",FRAUDE,DELITO DE BAJO IMPACTO,2015-11-30 12:00:00,"2015",Noviembre,Femenino,NA,FISICA,VICTIMA Y DENUNCIANTE,FUERO COMUN,"-99.1439108869175","19.4346955771076",CuauhtÃ©moc,"015","09","09015",CENTRO VIII,9,15,CUAUHTEMOC,15-044,"4837, 4848, 4849, 4850, 4851, 4866, 4887, 4888","4870"
"38","8466833",ABANDONO DE PERSONA,DELITO DE BAJO IMPACTO,2015-09-02 11:00:00,"2015",Septiembre,Femenino,"7",FISICA,VICTIMA,FUERO COMUN,"-99.1412694501852","19.434302092285",CuauhtÃ©moc,"015","09","09015",CENTRO VIII,9,15,CUAUHTEMOC,15-044,"4837, 4848, 4849, 4850, 4851, 4866, 4887, 4888","4870"
"39","8450997",FRAUDE,DELITO DE BAJO IMPACTO,2015-09-03 12:00:00,"2015",Septiembre,Masculino,NA,FISICA,VICTIMA Y DENUNCIANTE,FUERO COMUN,"-99.1433609767556","19.4344787390473",CuauhtÃ©moc,"015","09","09015",CENTRO VIII,9,15,CUAUHTEMOC,15-044,"4837, 4848, 4849, 4850, 4851, 4866, 4887, 4888","4870"
"40","8453541",ABANDONO DE PERSONA,DELITO DE BAJO IMPACTO,2015-03-01 00:00:00,"2015",Marzo,Masculino,"8",FISICA,VICTIMA,FUERO COMUN,"-99.1426885009869","19.4345370981943",CuauhtÃ©moc,"015","09","09015",CENTRO VIII,9,15,CUAUHTEMOC,15-044,"4837, 4848, 4849, 4850, 4851, 4866, 4887, 4888","4870"
"41","8432290",INSOLVENCIA ALIMENTARIA,DELITO DE BAJO IMPACTO,2015-02-19 12:00:00,"2015",Febrero,Femenino,NA,FISICA,VICTIMA Y DENUNCIANTE,FUERO COMUN,"-99.1435036010754","19.4346093138093",CuauhtÃ©moc,"015","09","09015",CENTRO VIII,9,15,CUAUHTEMOC,15-044,"4837, 4848, 4849, 4850, 4851, 4866, 4887, 4888","4870"
"42","8427814",VIOLACION,VIOLACIÃ“N,2015-03-28 21:00:00,"2015",Marzo,Femenino,"19",FISICA,VICTIMA Y DENUNCIANTE,FUERO COMUN,"-99.1451397431654","19.428354126712",CuauhtÃ©moc,"015","09","09015",CENTRO VIII,9,15,CUAUHTEMOC,15-044,"4837, 4848, 4849, 4850, 4851, 4866, 4887, 4888","4870"
"43","8397652",INSOLVENCIA ALIMENTARIA,DELITO DE BAJO IMPACTO,2015-02-05 12:00:00,"2015",Febrero,Femenino,"12",FISICA,VICTIMA,FUERO COMUN,"-99.1413257008682","19.4340285997945",CuauhtÃ©moc,"015","09","09015",CENTRO VIII,9,15,CUAUHTEMOC,15-044,"4837, 4848, 4849, 4850, 4851, 4866, 4887, 4888","4870"
"44","8485866",VIOLENCIA FAMILIAR,DELITO DE BAJO IMPACTO,2015-09-01 12:00:00,"2015",Septiembre,Masculino,NA,FISICA,VICTIMA,FUERO COMUN,"-99.1618970852833","19.4179648168098",CuauhtÃ©moc,"015","09","09015",ROMA NORTE II,9,15,CUAUHTEMOC,15-069,"4523, 4524, 4525, 4538, 4539, 4540",
"45","8360922",USURPACIÃ“N DE IDENTIDAD,DELITO DE BAJO IMPACTO,2015-05-02 12:00:00,"2015",Mayo,Femenino,NA,FISICA,VICTIMA Y DENUNCIANTE,FUERO COMUN,"-99.1555596256995","19.4191925520628",CuauhtÃ©moc,"015","09","09015",ROMA NORTE II,9,15,CUAUHTEMOC,15-069,"4523, 4524, 4525, 4538, 4539, 4540",
"46","8378454",FRAUDE,DELITO DE BAJO IMPACTO,2015-06-24 12:00:00,"2015",Junio,Masculino,"46",FISICA,VICTIMA Y DENUNCIANTE,FUERO COMUN,"-99.1859066320617","19.3783225340843",Benito JuÃ¡rez,"014","09","09014",SAN JUAN,9,14,BENITO JUAREZ,14-042,"4453","4449"
"47","8485055",ABANDONO DE PERSONA,DELITO DE BAJO IMPACTO,2015-01-12 12:00:00,"2015",Enero,Masculino,NA,FISICA,VICTIMA,FUERO COMUN,"-99.1717790263869","19.3887576829606",Benito JuÃ¡rez,"014","09","09014",DEL VALLE III,9,14,BENITO JUAREZ,14-055,"4348, 4349, 4350, 4352, 4353, 4354","4351"
"48","8517007",FRAUDE,DELITO DE BAJO IMPACTO,2015-07-15 12:00:00,"2015",Julio,Masculino,NA,FISICA,VICTIMA Y DENUNCIANTE,FUERO COMUN,"-99.16128070014","19.3858028973181",Benito JuÃ¡rez,"014","09","09014",DEL VALLE III,9,14,BENITO JUAREZ,14-055,"4348, 4349, 4350, 4352, 4353, 4354","4351"
"49","8397933",FALSIFICACION DE DOCUMENTOS,DELITO DE BAJO IMPACTO,2015-05-23 10:17:00,"2015",Mayo,Masculino,"27",FISICA,VICTIMA Y DENUNCIANTE,FUERO COMUN,"-99.1894020785674","19.3026542491198",CoyoacÃ¡n,"003","09","09003",JARDINES DEL PEDREGAL,9,3,COYOACAN,03-062,"413",
"50","8407068",RESPONSABILIDAD PROFESIONAL,DELITO DE BAJO IMPACTO,2015-04-01 07:00:00,"2015",Abril,Masculino,"35",FISICA,VICTIMA Y DENUNCIANTE,FUERO COMUN,"-99.1345366000985","19.4849617997338",Gustavo A. Madero,"005","09","09005",MAGDALENA DE LAS SALINAS,9,5,GUSTAVO A. MADERO,05-119,"1473","1469, 1474, 1475, 1480, 1482,  1495"
"51","8476341",ABUSO DE CONFIANZA,DELITO DE BAJO IMPACTO,2015-08-27 12:00:00,"2015",Agosto,Masculino,NA,FISICA,VICTIMA Y DENUNCIANTE,FUERO COMUN,"-99.1196219601688","19.2979642858831",Tlalpan,"012","09","09012",NARCISO MENDOZA VILLA COAPA SUPERMANZANA 8 (U HAB),9,12,TLALPAN,12-217,"4037","4035, 4036"
"52","8333161",FRAUDE,DELITO DE BAJO IMPACTO,2015-12-15 12:00:00,"2015",Diciembre,Femenino,NA,FISICA,VICTIMA Y DENUNCIANTE,FUERO COMUN,"-99.2250949542978","19.2858287097175",Tlalpan,"012","09","09012",HEROES DE PADIERNA I,9,12,TLALPAN,12-209,"3809, 3810, 3811","3822, 3821, 3806"
"53","8462006",AMENAZAS,DELITO DE BAJO IMPACTO,2015-06-27 18:20:00,"2015",Junio,Masculino,"56",FISICA,VICTIMA Y DENUNCIANTE,FUERO COMUN,"-99.1011554999431","19.3909139952646",Iztacalco,"006","09","09006",GABRIEL RAMOS MILLAN,9,6,IZTACALCO,06-010,"1717, 1721, 1744,  1745","1706, 1718, 1722, 1743"
"54","8521472",DDH OTRAS MATERIAS,HECHO NO DELICTIVO,2015-03-12 00:00:00,"2015",Marzo,Masculino,NA,FISICA,VICTIMA,HECHOS NO DELICTIVOS,"-99.1563119941811","19.41648144594",CuauhtÃ©moc,"015","09","09015",ROMA NORTE III,9,15,CUAUHTEMOC,15-070,"4541, 4542, 4543, 4544, 4545, 4554, 4555, 4556, 4557","4558"
"55","8376919",ROBO DE VEHICULO DE PEDALES,DELITO DE BAJO IMPACTO,2015-10-01 22:00:00,"2015",Octubre,NA,NA,MORAL,VICTIMA,FUERO COMUN,"-99.1567879962791","19.4164990648014",CuauhtÃ©moc,"015","09","09015",ROMA NORTE III,9,15,CUAUHTEMOC,15-070,"4541, 4542, 4543, 4544, 4545, 4554, 4555, 4556, 4557","4558"
"56","8370043",DESPOJO,DELITO DE BAJO IMPACTO,2015-08-01 12:00:00,"2015",Agosto,Femenino,NA,FISICA,VICTIMA Y DENUNCIANTE,FUERO COMUN,"-99.1557907010181","19.4165099993622",CuauhtÃ©moc,"015","09","09015",ROMA NORTE III,9,15,CUAUHTEMOC,15-070,"4541, 4542, 4543, 4544, 4545, 4554, 4555, 4556, 4557","4558"
"57","8419797",RESPONSABILIDAD PROFESIONAL,DELITO DE BAJO IMPACTO,2015-09-14 12:00:00,"2015",Septiembre,Masculino,NA,FISICA,VICTIMA Y DENUNCIANTE,FUERO COMUN,"-99.1672502017744","19.40399155794",CuauhtÃ©moc,"015","09","09015",ROMA SUR II,9,15,CUAUHTEMOC,15-072,"4577, 4578, 4579, 4580, 4581, 4582, 4583, 4584",
"58","8360025",DAÃ‘O EN PROPIEDAD AJENA CULPOSA POR TRÃNSITO VEHICULAR A AUTOMOVIL,DELITO DE BAJO IMPACTO,2015-05-04 06:57:00,"2015",Mayo,Masculino,NA,FISICA,VICTIMA Y DENUNCIANTE,FUERO COMUN,"-99.1406947017381","19.3771999022186",Benito JuÃ¡rez,"014","09","09014",AMERICAS UNIDAS-DEL LAGO,9,14,BENITO JUAREZ,14-005,,"4358, 4359, 4360, 4377"
"59","8386332",ABANDONO DE PERSONA,DELITO DE BAJO IMPACTO,2015-08-15 12:00:00,"2015",Agosto,Femenino,NA,FISICA,VICTIMA,FUERO COMUN,"-99.0216614001111","19.2993000984624",TlÃ¡huac,"011","09","09011",LOPEZ PORTILLO,9,11,TLAHUAC,11-022,"3616","3617"
"60","8384191",ABUSO SEXUAL,DELITO DE BAJO IMPACTO,2015-02-14 23:00:00,"2015",Febrero,Femenino,"15",FISICA,VICTIMA,FUERO COMUN,"-99.2254921988499","19.380208530247",Ãlvaro ObregÃ³n,"010","09","09010",CALZADA JALALPA,9,10,ALVARO OBREGON,10-034,"3268, 3284","3270, 3283"
"61","8438142",VIOLACION EQUIPARADA,VIOLACIÃ“N,2015-01-01 00:00:00,"2015",Enero,Femenino,"52",FISICA,VICTIMA Y DENUNCIANTE,FUERO COMUN,"-99.0280891999762","19.325237898887",Iztapalapa,"007","09","09007",BUENAVISTA II,9,7,IZTAPALAPA,07-259,"2819, 2820, 2821","2822"
"62","8477718",VIOLACION,VIOLACIÃ“N,2015-01-01 12:00:00,"2015",Enero,Femenino,"10",FISICA,VICTIMA,FUERO COMUN,"-99.0723492456384","19.3565648834473",Iztapalapa,"007","09","09007",SAN MIGUEL (BARR),9,7,IZTAPALAPA,07-196,"2501,  2502, 2504, 2505, 2506, 2507, 2508, 2509, 2970, 2971","2036, 2037, 2044, 2045, 2047, 2503, 2969"
"63","8491208",SUSTRACCION DE MENORES,DELITO DE BAJO IMPACTO,2015-04-28 15:40:00,"2015",Abril,Masculino,"8",FISICA,VICTIMA,FUERO COMUN,"-99.0055605803388","19.3655865675439",Iztapalapa,"007","09","09007",LA COLMENA,9,7,IZTAPALAPA,07-105,"2126, 2130, 2131","2125, 2127"
"64","8340850",VIOLENCIA FAMILIAR,DELITO DE BAJO IMPACTO,2015-10-10 21:00:00,"2015",Octubre,Masculino,"60",FISICA,VICTIMA Y DENUNCIANTE,FUERO COMUN,"-99.235224492938","19.4087190952225",Miguel Hidalgo,"016","09","09016",BOSQUES DE LAS LOMAS,9,16,MIGUEL HIDALGO,16-019,"4965, 4966, 4967, 4968, 4969","4964"
"65","8328805",FRAUDE,DELITO DE BAJO IMPACTO,2015-07-27 12:00:00,"2015",Julio,Masculino,NA,FISICA,VICTIMA Y DENUNCIANTE,FUERO COMUN,"-99.2480728032204","19.4010793035768",Miguel Hidalgo,"016","09","09016",BOSQUES DE LAS LOMAS,9,16,MIGUEL HIDALGO,16-019,"4965, 4966, 4967, 4968, 4969","4964"
"66","8383374",FRAUDE,DELITO DE BAJO IMPACTO,2015-05-14 12:00:00,"2015",Mayo,Masculino,NA,FISICA,VICTIMA Y DENUNCIANTE,FUERO COMUN,"-99.160634631201","19.3137282960896",CoyoacÃ¡n,"003","09","09003",AJUSCO III,9,3,COYOACAN,03-130,"437, 444, 456, 506, 505","443, 455, 457"
"67","8383428",FRAUDE,DELITO DE BAJO IMPACTO,2015-05-14 12:00:00,"2015",Mayo,Femenino,NA,FISICA,VICTIMA Y DENUNCIANTE,FUERO COMUN,"-99.1663764819902","19.3176433798421",CoyoacÃ¡n,"003","09","09003",AJUSCO III,9,3,COYOACAN,03-130,"437, 444, 456, 506, 505","443, 455, 457"
"68","8360284",ABUSO DE CONFIANZA,DELITO DE BAJO IMPACTO,2015-10-16 12:00:00,"2015",Octubre,NA,NA,MORAL,VICTIMA,FUERO COMUN,"-99.1656218009406","19.3967760994749",Benito JuÃ¡rez,"014","09","09014",DEL VALLE I,9,14,BENITO JUAREZ,14-053,"4335, 4336, 4337, 4338, 4339, 4340","4334"
"69","8382016",FRAUDE,DELITO DE BAJO IMPACTO,2015-05-14 12:00:00,"2015",Mayo,NA,NA,MORAL,VICTIMA,FUERO COMUN,"-99.1660424001133","19.3973120775339",Benito JuÃ¡rez,"014","09","09014",DEL VALLE I,9,14,BENITO JUAREZ,14-053,"4335, 4336, 4337, 4338, 4339, 4340","4334"
"70","8474681",ABUSO DE CONFIANZA,DELITO DE BAJO IMPACTO,2015-10-16 12:00:00,"2015",Octubre,NA,NA,MORAL,VICTIMA,FUERO COMUN,"-99.165110862287","19.3971106719077",Benito JuÃ¡rez,"014","09","09014",DEL VALLE I,9,14,BENITO JUAREZ,14-053,"4335, 4336, 4337, 4338, 4339, 4340","4334"
"71","8444005",FRAUDE,DELITO DE BAJO IMPACTO,2015-10-16 10:00:00,"2015",Octubre,NA,NA,MORAL,VICTIMA,FUERO COMUN,"-99.1653389220879","19.3971798166258",Benito JuÃ¡rez,"014","09","09014",DEL VALLE I,9,14,BENITO JUAREZ,14-053,"4335, 4336, 4337, 4338, 4339, 4340","4334"
"72","8338759",ABUSO DE CONFIANZA,DELITO DE BAJO IMPACTO,2015-05-14 12:00:00,"2015",Mayo,NA,NA,MORAL,VICTIMA,FUERO COMUN,"-99.1657451824159","19.3972618575354",Benito JuÃ¡rez,"014","09","09014",DEL VALLE I,9,14,BENITO JUAREZ,14-053,"4335, 4336, 4337, 4338, 4339, 4340","4334"
"73","8326005",ABUSO DE CONFIANZA,DELITO DE BAJO IMPACTO,2015-10-16 12:00:00,"2015",Octubre,NA,NA,MORAL,VICTIMA,FUERO COMUN,"-99.1654090121279","19.3972129377098",Benito JuÃ¡rez,"014","09","09014",DEL VALLE I,9,14,BENITO JUAREZ,14-053,"4335, 4336, 4337, 4338, 4339, 4340","4334"
"74","8377035",ABUSO DE CONFIANZA,DELITO DE BAJO IMPACTO,2015-10-16 12:00:00,"2015",Octubre,NA,NA,MORAL,VICTIMA,FUERO COMUN,"-99.1655799091885","19.3972086611549",Benito JuÃ¡rez,"014","09","09014",DEL VALLE I,9,14,BENITO JUAREZ,14-053,"4335, 4336, 4337, 4338, 4339, 4340","4334"
"75","8473881",FRAUDE,DELITO DE BAJO IMPACTO,2015-10-16 10:00:00,"2015",Octubre,Masculino,NA,FISICA,VICTIMA Y DENUNCIANTE,FUERO COMUN,"-99.1644148010107","19.3967269025996",Benito JuÃ¡rez,"014","09","09014",DEL VALLE I,9,14,BENITO JUAREZ,14-053,"4335, 4336, 4337, 4338, 4339, 4340","4334"
"76","8473881",FRAUDE,DELITO DE BAJO IMPACTO,2015-10-16 10:00:00,"2015",Octubre,NA,NA,MORAL,VICTIMA,FUERO COMUN,"-99.1644148010107","19.3967269025996",Benito JuÃ¡rez,"014","09","09014",DEL VALLE I,9,14,BENITO JUAREZ,14-053,"4335, 4336, 4337, 4338, 4339, 4340","4334"
"77","8474989",ABUSO DE CONFIANZA,DELITO DE BAJO IMPACTO,2015-05-14 12:00:00,"2015",Mayo,NA,NA,MORAL,VICTIMA,FUERO COMUN,"-99.1643718857356","19.3968812256092",Benito JuÃ¡rez,"014","09","09014",DEL VALLE I,9,14,BENITO JUAREZ,14-053,"4335, 4336, 4337, 4338, 4339, 4340","4334"
"78","8338755",ABUSO DE CONFIANZA,DELITO DE BAJO IMPACTO,2015-05-14 12:00:00,"2015",Mayo,NA,NA,MORAL,VICTIMA,FUERO COMUN,"-99.1659061155197","19.3973073941245",Benito JuÃ¡rez,"014","09","09014",DEL VALLE I,9,14,BENITO JUAREZ,14-053,"4335, 4336, 4337, 4338, 4339, 4340","4334"
"79","8338756",ABUSO DE CONFIANZA,DELITO DE BAJO IMPACTO,2015-05-14 12:00:00,"2015",Mayo,NA,NA,MORAL,VICTIMA,FUERO COMUN,"-99.1655788857111","19.3972466728245",Benito JuÃ¡rez,"014","09","09014",DEL VALLE I,9,14,BENITO JUAREZ,14-053,"4335, 4336, 4337, 4338, 4339, 4340","4334"
"80","8380171",ABUSO DE CONFIANZA,DELITO DE BAJO IMPACTO,2015-10-16 12:00:00,"2015",Octubre,NA,NA,MORAL,VICTIMA,FUERO COMUN,"-99.1654845008208","19.3968667959728",Benito JuÃ¡rez,"014","09","09014",DEL VALLE I,9,14,BENITO JUAREZ,14-053,"4335, 4336, 4337, 4338, 4339, 4340","4334"
"81","8474103",ABUSO DE CONFIANZA,DELITO DE BAJO IMPACTO,2015-05-14 12:00:00,"2015",Mayo,NA,NA,MORAL,VICTIMA,FUERO COMUN,"-99.1646845004443","19.3971300007183",Benito JuÃ¡rez,"014","09","09014",DEL VALLE I,9,14,BENITO JUAREZ,14-053,"4335, 4336, 4337, 4338, 4339, 4340","4334"
"82","8364998",ABUSO DE CONFIANZA,DELITO DE BAJO IMPACTO,2015-05-14 12:00:00,"2015",Mayo,NA,NA,MORAL,VICTIMA,FUERO COMUN,"-99.1656218009406","19.3967760994749",Benito JuÃ¡rez,"014","09","09014",DEL VALLE I,9,14,BENITO JUAREZ,14-053,"4335, 4336, 4337, 4338, 4339, 4340","4334"
"83","8368075",ABUSO DE CONFIANZA,DELITO DE BAJO IMPACTO,2015-05-14 12:00:00,"2015",Mayo,NA,NA,MORAL,VICTIMA,FUERO COMUN,"-99.1656218009406","19.3967760994749",Benito JuÃ¡rez,"014","09","09014",DEL VALLE I,9,14,BENITO JUAREZ,14-053,"4335, 4336, 4337, 4338, 4339, 4340","4334"
"84","8374899",ABUSO DE CONFIANZA,DELITO DE BAJO IMPACTO,2015-05-14 12:00:00,"2015",Mayo,Masculino,NA,MORAL,VICTIMA,FUERO COMUN,"-99.1655627926719","19.3972011306263",Benito JuÃ¡rez,"014","09","09014",DEL VALLE I,9,14,BENITO JUAREZ,14-053,"4335, 4336, 4337, 4338, 4339, 4340","4334"
"85","8359826",ABUSO SEXUAL,DELITO DE BAJO IMPACTO,2015-02-18 03:00:00,"2015",Febrero,Femenino,"15",FISICA,VICTIMA,FUERO COMUN,"-98.9689441277783","19.224147160814",TlÃ¡huac,"011","09","09011",SAN ANDRES MIXQUIC (PBLO),9,11,TLAHUAC,11-031,"3724, 3726, 3727, 3725, 3723, 3728",
"86","8389758",ABANDONO DE PERSONA,DELITO DE BAJO IMPACTO,2015-12-05 12:00:00,"2015",Diciembre,Femenino,NA,FISICA,VICTIMA,FUERO COMUN,"-99.0330378004065","19.3017118021302",TlÃ¡huac,"011","09","09011",SANTIAGO ZAPOTITLAN (PBLO),9,11,TLAHUAC,11-042,"3614, 3615, 3646, 3740","3636, 3637, 3648"
"87","8373723",FALSIFICACION DE DOCUMENTOS,DELITO DE BAJO IMPACTO,2015-01-01 12:00:00,"2015",Enero,Masculino,NA,FISICA,VICTIMA Y DENUNCIANTE,FUERO COMUN,"-99.2079263017734","19.3339280017586",Ãlvaro ObregÃ³n,"010","09","09010",TIZAPAN_TIZAPAN SAN ANGEL,9,10,ALVARO OBREGON,10-217,"3222, 3550, 3220, 3218, 3221","3217, 3219, 3223, 3549"
"88","8394385",FRAUDE,DELITO DE BAJO IMPACTO,2015-02-25 12:00:00,"2015",Febrero,Masculino,NA,FISICA,VICTIMA Y DENUNCIANTE,FUERO COMUN,"-99.1818084345117","19.4607547439423",Azcapotzalco,"002","09","09002",SAN ALVARO,9,2,AZCAPOTZALCO,02-070,"144, 142, 143, 146, 147, 148, 288",
"89","8477351",DDH OTRAS MATERIAS,HECHO NO DELICTIVO,2015-10-19 12:00:00,"2015",Octubre,NA,NA,MORAL,VICTIMA,HECHOS NO DELICTIVOS,"-99.1446389007176","19.4183694989232",CuauhtÃ©moc,"015","09","09015",DOCTORES III,9,15,CUAUHTEMOC,15-047,"4774, 4781, 4782, 4789",
"90","8346125",FRAUDE,DELITO DE BAJO IMPACTO,2015-01-03 12:00:00,"2015",Enero,Masculino,NA,FISICA,VICTIMA Y DENUNCIANTE,FUERO COMUN,"-99.0425976998035","19.3915538987521",Iztapalapa,"007","09","09007",JUAN ESCUTIA II,9,7,IZTAPALAPA,07-278,"2072, 2073, 2074, 2075, 2076, 2078","2071"
"91","8384373",FRAUDE,DELITO DE BAJO IMPACTO,2015-06-01 12:00:00,"2015",Junio,Masculino,NA,FISICA,VICTIMA Y DENUNCIANTE,FUERO COMUN,"-99.1120862935577","19.3384618783698",Iztapalapa,"007","09","09007",TULA (BARR),9,7,IZTAPALAPA,07-234,,"2654"
"92","8366713",USURPACIÃ“N DE IDENTIDAD,DELITO DE BAJO IMPACTO,2015-07-23 13:00:00,"2015",Julio,Femenino,"26",FISICA,VICTIMA Y DENUNCIANTE,FUERO COMUN,"-99.10584440067","19.377709799027",Iztapalapa,"007","09","09007",LA NUEVA ROSITA,9,7,IZTAPALAPA,07-112,"2398, 2399","2409"
"93","8410549",VIOLACION,VIOLACIÃ“N,2015-12-01 16:00:00,"2015",Diciembre,Masculino,"15",FISICA,VICTIMA,FUERO COMUN,"-99.0999159599018","19.3501062529299",Iztapalapa,"007","09","09007",ESTRELLA DEL SUR,9,7,IZTAPALAPA,07-074,"2361","2348, 2351, 2352, 2362, 2363"
"94","8487623",VIOLACION EQUIPARADA,VIOLACIÃ“N,2015-11-22 17:00:00,"2015",Noviembre,Femenino,"15",FISICA,VICTIMA,FUERO COMUN,"-99.1435332909081","19.4005664216642",Benito JuÃ¡rez,"014","09","09014",ALAMOS I,9,14,BENITO JUAREZ,14-051,"4269, 4283, 4284, 4285, 4286","4270, 4282"
"95","8496549",VIOLACION,VIOLACIÃ“N,2015-08-13 00:00:00,"2015",Agosto,Masculino,"16",FISICA,VICTIMA Y DENUNCIANTE,FUERO COMUN,"-99.1384594000737","19.3961190031392",Benito JuÃ¡rez,"014","09","09014",ALAMOS I,9,14,BENITO JUAREZ,14-051,"4269, 4283, 4284, 4285, 4286","4270, 4282"
"96","8322891",AMENAZAS,DELITO DE BAJO IMPACTO,2015-08-30 11:00:00,"2015",Agosto,Femenino,NA,FISICA,VICTIMA Y DENUNCIANTE,FUERO COMUN,"-99.2839345127558","19.3366243559617",Cuajimalpa de Morelos,"004","09","09004",SAN MATEO TLALTENANGO (PBLO),9,4,CUAJIMALPA DE MORELOS,04-046,"806, 807, 809, 808, 810","786, 774"
"97","8381147",DESPOJO,DELITO DE BAJO IMPACTO,2015-07-24 09:00:00,"2015",Julio,Masculino,NA,FISICA,VICTIMA Y DENUNCIANTE,FUERO COMUN,"-99.1573402008852","19.4017771951536",Benito JuÃ¡rez,"014","09","09014",PIEDAD NARVARTE,9,14,BENITO JUAREZ,14-036,"4272, 4274","4273, 4275, 4334"
"98","8476607",ROBO DE OBJETOS,DELITO DE BAJO IMPACTO,2015-07-15 06:30:00,"2015",Julio,NA,NA,MORAL,VICTIMA,FUERO COMUN,"-99.1079825201153","19.3424197909356",Iztapalapa,"007","09","09007",CULHUACAN (PBLO),9,7,IZTAPALAPA,07-037,,"2374, 2384, 2653, 2654, 2656, 2657"
"99","8355462",DENUNCIA DE HECHOS,HECHO NO DELICTIVO,2015-01-01 12:00:00,"2015",Enero,Masculino,NA,FISICA,VICTIMA Y DENUNCIANTE,HECHOS NO DELICTIVOS,"-99.069125126255","19.4464037655498",Venustiano Carranza,"017","09","09017",PEON DE LOS BAOS,9,17,VENUSTIANO CARRANZA,17-047,"5406, 5407, 5419, 5420, 5422, 5423, 5425, 5427","5494"
"100","8502018",FRAUDE,DELITO DE BAJO IMPACTO,2015-02-08 12:00:00,"2015",Febrero,Femenino,"49",FISICA,VICTIMA Y DENUNCIANTE,FUERO COMUN,"-99.176905501354","19.442283701993",Miguel Hidalgo,"016","09","09016",ANAHUAC II,9,16,MIGUEL HIDALGO,16-089,"5140, 5141, 5142, 5151, 5152, 5154","5155, 5156"
"101","8391956",FALSEDAD DE DECLARACIONES,DELITO DE BAJO IMPACTO,2015-11-03 12:00:00,"2015",Noviembre,Masculino,NA,FISICA,VICTIMA Y DENUNCIANTE,FUERO COMUN,"-99.2049192013413","19.4244963022641",Miguel Hidalgo,"016","09","09016",LOMAS DE CHAPULTEPEC,9,16,MIGUEL HIDALGO,16-042,"4924, 4931, 4932, 4935, 4936, 4940, 4987","4923, 4937, 4938, 4939, 4942"
"102","8422690",FRAUDE,DELITO DE BAJO IMPACTO,2015-07-01 12:00:00,"2015",Julio,Masculino,NA,FISICA,VICTIMA,FUERO COMUN,"-99.2108792017144","19.429674202681",Miguel Hidalgo,"016","09","09016",LOMAS DE CHAPULTEPEC,9,16,MIGUEL HIDALGO,16-042,"4924, 4931, 4932, 4935, 4936, 4940, 4987","4923, 4937, 4938, 4939, 4942"
"103","8462326",DAÃ‘O EN PROPIEDAD AJENA CULPOSA POR TRÃNSITO VEHICULAR A BIENES INMUEBLES,DELITO DE BAJO IMPACTO,2015-01-01 12:00:00,"2015",Enero,Masculino,NA,FISICA,VICTIMA Y DENUNCIANTE,FUERO COMUN,"-99.0959622349424","19.4126546320329",Venustiano Carranza,"017","09","09017",IGNACIO ZARAGOZA I,9,17,VENUSTIANO CARRANZA,17-074,"5486, 5487, 5493, 5488, 5491, 5489, 5490, 5483, 5484","5480"
"104","8431211",ABUSO SEXUAL,DELITO DE BAJO IMPACTO,2015-12-15 20:00:00,"2015",Diciembre,Masculino,"13",FISICA,VICTIMA,FUERO COMUN,"-99.1161283051162","19.4400157019324",Venustiano Carranza,"017","09","09017",MORELOS II,9,17,VENUSTIANO CARRANZA,17-084,"5225, 5227, 5224, 5228, 5229, 5230, 5223, 5232, 5233, 5248",
"105","8438932",FRAUDE,DELITO DE BAJO IMPACTO,2015-01-01 09:00:00,"2015",Enero,Masculino,NA,FISICA,VICTIMA Y DENUNCIANTE,FUERO COMUN,"-99.1551250782362","19.4981739441807",Gustavo A. Madero,"005","09","09005",NUEVA VALLEJO,9,5,GUSTAVO A. MADERO,05-131,"1463, 1464, 1468","1454, 1458, 1461"
"106","8459344",ABUSO SEXUAL,DELITO DE BAJO IMPACTO,2015-05-17 22:00:00,"2015",Mayo,Femenino,"13",FISICA,VICTIMA,FUERO COMUN,"-99.0682487004318","19.4721337996913",Gustavo A. Madero,"005","09","09005",SAN JUAN DE ARAGON 6A SECCION (U HAB) I,9,5,GUSTAVO A. MADERO,05-161,"1589, 1590, 1591, 1671","1598"
"107","8432133",DESPOJO,DELITO DE BAJO IMPACTO,2015-11-10 00:00:00,"2015",Noviembre,Femenino,NA,FISICA,VICTIMA Y DENUNCIANTE,FUERO COMUN,"-99.1435356373839","19.4698804563974",Gustavo A. Madero,"005","09","09005",HEROE DE NACOZARI,9,5,GUSTAVO A. MADERO,05-077,"1490","1491, 1493"
"108","8433143",ROBO DE OBJETOS,DELITO DE BAJO IMPACTO,2015-05-22 12:00:00,"2015",Mayo,NA,NA,MORAL,VICTIMA,FUERO COMUN,"-99.1655358400706","19.2419664139371",Tlalpan,"012","09","09012",SAN ANDRES TOTOLTEPEC (PBLO),9,12,TLALPAN,12-147,"3960, 3963, 3964, 3970","3962, 3959, 3968, 3969, 3961, 3954, 3938, 3955, 3971, 3972, 3965"
"109","8362878",FRAUDE,DELITO DE BAJO IMPACTO,2015-06-26 18:00:00,"2015",Junio,Masculino,NA,FISICA,VICTIMA Y DENUNCIANTE,FUERO COMUN,"-99.1982359720674","19.302098797693",Tlalpan,"012","09","09012",JARDINES EN LA MONTAA,9,12,TLALPAN,12-067,"3775, 3781","3780"
"110","8401717",ABUSO DE CONFIANZA,DELITO DE BAJO IMPACTO,2015-01-20 12:00:00,"2015",Enero,Femenino,"64",FISICA,VICTIMA Y DENUNCIANTE,FUERO COMUN,"-99.2111691229839","19.3722982540477",Ãlvaro ObregÃ³n,"010","09","09010",OLIVAR DEL CONDE 1RA SECCION II,9,10,ALVARO OBREGON,10-253,"3337, 3343, 3336, 3338","3327, 3328, 3329, 3344"
"111","8462694",DESPOJO,DELITO DE BAJO IMPACTO,2015-08-15 12:00:00,"2015",Agosto,Masculino,NA,FISICA,VICTIMA Y DENUNCIANTE,FUERO COMUN,"-99.1561439005236","19.4374348987182",CuauhtÃ©moc,"015","09","09015",TABACALERA,9,15,CUAUHTEMOC,15-031,"4835, 4836, 4853",
"112","8501991",AMENAZAS,DELITO DE BAJO IMPACTO,2015-05-03 17:30:00,"2015",Mayo,Masculino,"76",FISICA,VICTIMA Y DENUNCIANTE,FUERO COMUN,"-99.0438924487514","19.3255719823808",Iztapalapa,"007","09","09007",DESARROLLO URBANO QUETZALCOATL  II,9,7,IZTAPALAPA,07-269,"2724, 2771, 2773, 2774, 2775,  2824, 2825","2726, 2770, 2772"
"113","8335993",FRAUDE,DELITO DE BAJO IMPACTO,2015-11-18 12:00:00,"2015",Noviembre,Femenino,"0",FISICA,VICTIMA Y DENUNCIANTE,FUERO COMUN,"-99.1574855011836","19.3850363999072",Benito JuÃ¡rez,"014","09","09014",NARVARTE V,9,14,BENITO JUAREZ,14-064,"4314,4321, 4322, 4323, 4324, 4332",
"114","8335499",ABUSO SEXUAL,DELITO DE BAJO IMPACTO,2015-01-05 13:00:00,"2015",Enero,Femenino,NA,FISICA,VICTIMA,FUERO COMUN,"-99.2689563266793","19.3605859178467",Cuajimalpa de Morelos,"004","09","09004",CORREDOR SANTA FE,9,4,CUAJIMALPA DE MORELOS,04-012,,"774, 786"
"115","8357400",FRAUDE,DELITO DE BAJO IMPACTO,2015-01-01 12:00:00,"2015",Enero,Masculino,NA,FISICA,VICTIMA Y DENUNCIANTE,FUERO COMUN,"-99.2744839712568","19.3626807458655",Cuajimalpa de Morelos,"004","09","09004",CORREDOR SANTA FE,9,4,CUAJIMALPA DE MORELOS,04-012,,"774, 786"
"116","8357400",FRAUDE,DELITO DE BAJO IMPACTO,2015-01-01 12:00:00,"2015",Enero,Femenino,NA,FISICA,VICTIMA Y DENUNCIANTE,FUERO COMUN,"-99.2744839712568","19.3626807458655",Cuajimalpa de Morelos,"004","09","09004",CORREDOR SANTA FE,9,4,CUAJIMALPA DE MORELOS,04-012,,"774, 786"
"117","8357400",FRAUDE,DELITO DE BAJO IMPACTO,2015-01-01 12:00:00,"2015",Enero,NA,NA,MORAL,VICTIMA,FUERO COMUN,"-99.2744839712568","19.3626807458655",Cuajimalpa de Morelos,"004","09","09004",CORREDOR SANTA FE,9,4,CUAJIMALPA DE MORELOS,04-012,,"774, 786"
"118","8493614",DAÃ‘O EN PROPIEDAD AJENA INTENCIONAL,DELITO DE BAJO IMPACTO,2015-04-03 14:00:00,"2015",Abril,Masculino,"52",FISICA,VICTIMA Y DENUNCIANTE,FUERO COMUN,"-99.1793668312852","19.3882362820958",Benito JuÃ¡rez,"014","09","09014",NAPOLES (AMPL),9,14,BENITO JUAREZ,14-006,"4423, 4424, 4425",
"119","8360523",DAÃ‘O EN PROPIEDAD AJENA CULPOSA,DELITO DE BAJO IMPACTO,2015-02-05 12:00:00,"2015",Febrero,Femenino,"30",FISICA,VICTIMA Y DENUNCIANTE,FUERO COMUN,"-99.1454016702724","19.3868550013266",Benito JuÃ¡rez,"014","09","09014",NIOS HEROES DE CHAPULTEPEC,9,14,BENITO JUAREZ,14-031,"4316, 4318, 4319, 4327, 4328","4329, 4359"
"120","8489032",FRAUDE,DELITO DE BAJO IMPACTO,2015-01-27 12:00:00,"2015",Enero,Femenino,NA,FISICA,VICTIMA Y DENUNCIANTE,FUERO COMUN,"-99.1890484734664","19.4332657358633",Miguel Hidalgo,"016","09","09016",CHAPULTEPEC MORALES (POLANCO),9,16,MIGUEL HIDALGO,16-021,"5163, 5168, 5169, 5170, 5173, 5174","5162, 5172, 5179"
"121","8375052",USURPACION DE PROFESION,DELITO DE BAJO IMPACTO,2015-12-23 12:00:00,"2015",Diciembre,NA,NA,MORAL,VICTIMA,FUERO COMUN,"-99.1846342168773","19.4367840501265",Miguel Hidalgo,"016","09","09016",CHAPULTEPEC MORALES (POLANCO),9,16,MIGUEL HIDALGO,16-021,"5163, 5168, 5169, 5170, 5173, 5174","5162, 5172, 5179"
"122","8415445",FRAUDE,DELITO DE BAJO IMPACTO,2015-01-20 12:00:00,"2015",Enero,Masculino,NA,FISICA,VICTIMA Y DENUNCIANTE,FUERO COMUN,"-99.1668502394595","19.4594534632444",Azcapotzalco,"002","09","09002",NUEVA SANTA MARIA,9,2,AZCAPOTZALCO,02-052,"34, 35, 36, 37, 44,  45, 52, 53, 55","32, 33, 46, 47,  51"
"123","8530620",ABANDONO DE PERSONA,DELITO DE BAJO IMPACTO,2015-01-05 10:00:00,"2015",Enero,Femenino,NA,FISICA,VICTIMA Y DENUNCIANTE,FUERO COMUN,"-99.1306567898683","19.4661459667941",Gustavo A. Madero,"005","09","09005",VALLEJO II,9,5,GUSTAVO A. MADERO,05-250,"1126, 1137, 1138, 1142, 1143, 1144","1125, 1141"
"124","8530620",ABANDONO DE PERSONA,DELITO DE BAJO IMPACTO,2015-01-05 10:00:00,"2015",Enero,Masculino,NA,FISICA,VICTIMA,FUERO COMUN,"-99.1306567898683","19.4661459667941",Gustavo A. Madero,"005","09","09005",VALLEJO II,9,5,GUSTAVO A. MADERO,05-250,"1126, 1137, 1138, 1142, 1143, 1144","1125, 1141"
"125","8358319",USURPACIÃ“N DE IDENTIDAD,DELITO DE BAJO IMPACTO,2015-09-29 10:00:00,"2015",Septiembre,NA,NA,NA,VICTIMA Y DENUNCIANTE,FUERO COMUN,"-99.120237153384","19.2743956090184",Xochimilco,"013","09","09013",SAN LORENZO LA CEBADA II,9,13,XOCHIMILCO,13-076,"4102, 4119, 4120","4118"
"126","8391276",DAÃ‘O EN PROPIEDAD AJENA INTENCIONAL A CASA HABITACION,DELITO DE BAJO IMPACTO,2015-12-09 19:01:00,"2015",Diciembre,Masculino,NA,FISICA,VICTIMA Y DENUNCIANTE,FUERO COMUN,"-99.1655067026317","19.193674685326",Tlalpan,"012","09","09012",SAN MIGUEL TOPILEJO (PBLO),9,12,TLALPAN,12-157,"3977, 3979, 3983","3978, 3980, 3981, 3982, 3984, 3985"
"127","8337412",DAÃ‘O EN PROPIEDAD AJENA CULPOSA POR TRÃNSITO VEHICULAR A BIENES INMUEBLES,DELITO DE BAJO IMPACTO,2015-01-01 12:00:00,"2015",Enero,Masculino,"71",FISICA,VICTIMA Y DENUNCIANTE,FUERO COMUN,"-99.1328820911015","19.2820292622604",Xochimilco,"013","09","09013",BOSQUE RESIDENCIAL DEL SUR (FRACC),9,13,XOCHIMILCO,13-005,"4099, 4100, 4101","4098"
"128","8493989",INSOLVENCIA ALIMENTARIA,DELITO DE BAJO IMPACTO,2015-10-19 09:00:00,"2015",Octubre,Femenino,"16",FISICA,VICTIMA,FUERO COMUN,"-99.1820277563727","19.4864980153787",Azcapotzalco,"002","09","09002",LOS REYES (BARR),9,2,AZCAPOTZALCO,02-045,"84","85, 86, 87"
"129","8343068",FRAUDE,DELITO DE BAJO IMPACTO,2015-05-30 10:00:00,"2015",Mayo,NA,NA,MORAL,VICTIMA,FUERO COMUN,"-99.145484031932","19.5491081928621",Gustavo A. Madero,"005","09","09005",LOMA DE LA PALMA,9,5,GUSTAVO A. MADERO,05-114,"864, 866, 867","853, 854, 863, 865, 870, 871"
"130","8359135",FRAUDE,DELITO DE BAJO IMPACTO,2015-05-04 12:00:00,"2015",Mayo,Masculino,NA,FISICA,VICTIMA Y DENUNCIANTE,FUERO COMUN,"-99.1856828013278","19.2111129954142",Tlalpan,"012","09","09012",JARDINES DE SAN JUAN,9,12,TLALPAN,12-065,,"3990"
"131","8430416",LESIONES CULPOSAS,DELITO DE BAJO IMPACTO,2015-07-13 12:00:00,"2015",Julio,Masculino,NA,FISICA,VICTIMA Y DENUNCIANTE,FUERO COMUN,"-99.1988505014535","19.4913154962525",Azcapotzalco,"002","09","09002",TEZOZOMOC,9,2,AZCAPOTZALCO,02-102,"231, 230, 229, 222, 220, 219",
"132","8389581",TORTURA,DELITO DE BAJO IMPACTO,2015-01-22 12:00:00,"2015",Enero,Femenino,NA,FISICA,VICTIMA Y DENUNCIANTE,FUERO COMUN,"-99.1593968012724","19.4704256994094",Azcapotzalco,"002","09","09002",DEL GAS,9,2,AZCAPOTZALCO,02-015,"18, 9","8, 10, 19, 28, 29"
"133","8429685",FRAUDE,DELITO DE BAJO IMPACTO,2015-12-07 10:00:00,"2015",Diciembre,Femenino,NA,FISICA,VICTIMA Y DENUNCIANTE,FUERO COMUN,"-99.1661482005936","19.4255561010907",CuauhtÃ©moc,"015","09","09015",JUAREZ,9,15,CUAUHTEMOC,15-017,"4852, 4865, 4871, 4872, 4873, 4882,   4883, 4884, 4886","4870"
"134","8437336",ABANDONO DE PERSONA,DELITO DE BAJO IMPACTO,2015-02-15 09:00:00,"2015",Febrero,Masculino,"11",FISICA,VICTIMA,FUERO COMUN,"-99.1639727009965","19.4230970034981",CuauhtÃ©moc,"015","09","09015",ROMA NORTE I,9,15,CUAUHTEMOC,15-068,"4526, 4527, 4528, 4529, 4534","4530, 4531, 4535, 4537"
"135","8437336",ABANDONO DE PERSONA,DELITO DE BAJO IMPACTO,2015-02-15 09:00:00,"2015",Febrero,Femenino,"33",FISICA,VICTIMA Y DENUNCIANTE,FUERO COMUN,"-99.1639727009965","19.4230970034981",CuauhtÃ©moc,"015","09","09015",ROMA NORTE I,9,15,CUAUHTEMOC,15-068,"4526, 4527, 4528, 4529, 4534","4530, 4531, 4535, 4537"
"136","8385940",FRAUDE,DELITO DE BAJO IMPACTO,2015-08-27 12:00:00,"2015",Agosto,Masculino,NA,FISICA,VICTIMA Y DENUNCIANTE,FUERO COMUN,"-99.0656309398764","19.3155666034729",Iztapalapa,"007","09","09007",SAN LORENZO TEZONCO (PBLO),9,7,IZTAPALAPA,07-191,"2900, 2966, 2967, 2894","2874, 2895, 2896"
"137","8368961",ROBO DE OBJETOS,DELITO DE BAJO IMPACTO,2015-01-30 12:00:00,"2015",Enero,Masculino,NA,FISICA,VICTIMA Y DENUNCIANTE,FUERO COMUN,"-99.0950172719227","19.360631602404",Iztapalapa,"007","09","09007",SAN LUCAS (BARR),9,7,IZTAPALAPA,07-195,"2050, 2054, 2058","2046, 2049, 2513"
"138","8445893",FRAUDE,DELITO DE BAJO IMPACTO,2015-11-10 12:00:00,"2015",Noviembre,Masculino,NA,FISICA,VICTIMA,FUERO COMUN,"-99.1582521386943","19.3957456098112",Benito JuÃ¡rez,"014","09","09014",NARVARTE III,9,14,BENITO JUAREZ,14-062,"4309, 4310, 4311, 4312, 4313, 4295",
"139","8484478",HOMICIDIO POR ARMA DE FUEGO,HOMICIDIO DOLOSO,2015-07-28 00:25:00,"2015",Julio,Masculino,"28",FISICA,CADAVER,FUERO COMUN,"-99.1967850911194","19.3615543323605",Ãlvaro ObregÃ³n,"010","09","09010",LAS AGUILAS,9,10,ALVARO OBREGON,10-114,"3488, 3487","3483, 3486, 3489, 3500"
"140","8362524",USURPACIÃ“N DE IDENTIDAD,DELITO DE BAJO IMPACTO,2015-03-31 12:00:00,"2015",Marzo,Femenino,NA,FISICA,VICTIMA,FUERO COMUN,"-99.1635793330378","19.4294507437635",CuauhtÃ©moc,"015","09","09015",CUAUHTEMOC,9,15,CUAUHTEMOC,15-009,"4861, 4874, 4875, 4876, 4877, 4878, 4879,  4880, 4881, 4885","4855, 4862, 4863, 4864"
"141","8525299",VIOLENCIA FAMILIAR,DELITO DE BAJO IMPACTO,2015-02-11 00:00:00,"2015",Febrero,Femenino,NA,FISICA,VICTIMA,FUERO COMUN,"-99.1473425669287","19.4192599262899",CuauhtÃ©moc,"015","09","09015",DOCTORES I,9,15,CUAUHTEMOC,15-045,"4760, 4761, 4762, 4764, 4769, 4812",
"142","8351586",FALSIFICACION DE DOCUMENTOS,DELITO DE BAJO IMPACTO,2015-04-21 12:00:00,"2015",Abril,Masculino,NA,FISICA,VICTIMA Y DENUNCIANTE,FUERO COMUN,"-99.1454018966662","19.4250052841519",CuauhtÃ©moc,"015","09","09015",DOCTORES I,9,15,CUAUHTEMOC,15-045,"4760, 4761, 4762, 4764, 4769, 4812",
"143","8493396",FALSEDAD DE DECLARACIONES,DELITO DE BAJO IMPACTO,2015-12-02 00:00:00,"2015",Diciembre,Masculino,NA,FISICA,VICTIMA Y DENUNCIANTE,FUERO COMUN,"-99.1473236582212","19.4245101932288",CuauhtÃ©moc,"015","09","09015",DOCTORES I,9,15,CUAUHTEMOC,15-045,"4760, 4761, 4762, 4764, 4769, 4812",
"144","8470533",USO DE DOCUMENTO FALSO,DELITO DE BAJO IMPACTO,2015-02-03 10:00:00,"2015",Febrero,Masculino,NA,FISICA,VICTIMA Y DENUNCIANTE,FUERO COMUN,"-99.1454423004036","19.4245169965804",CuauhtÃ©moc,"015","09","09015",DOCTORES I,9,15,CUAUHTEMOC,15-045,"4760, 4761, 4762, 4764, 4769, 4812",
"145","8477950",FRAUDE,DELITO DE BAJO IMPACTO,2015-05-10 00:00:00,"2015",Mayo,Masculino,NA,FISICA,VICTIMA Y DENUNCIANTE,FUERO COMUN,"-99.1525200002519","19.4256070007623",CuauhtÃ©moc,"015","09","09015",DOCTORES I,9,15,CUAUHTEMOC,15-045,"4760, 4761, 4762, 4764, 4769, 4812",
"146","8426523",LA ADMINISTRACION DE JUSTICIA,DELITO DE BAJO IMPACTO,2015-10-05 12:00:00,"2015",Octubre,Femenino,NA,FISICA,VICTIMA Y DENUNCIANTE,FUERO COMUN,"-99.147673030373","19.4246559422812",CuauhtÃ©moc,"015","09","09015",DOCTORES I,9,15,CUAUHTEMOC,15-045,"4760, 4761, 4762, 4764, 4769, 4812",
"147","8416252",INHUMACIONES Y/O EXHUMACIONES,DELITO DE BAJO IMPACTO,2015-11-24 12:00:00,"2015",Noviembre,Masculino,NA,FISICA,VICTIMA Y DENUNCIANTE,FUERO COMUN,"-99.1480406304823","19.4232157568626",CuauhtÃ©moc,"015","09","09015",DOCTORES I,9,15,CUAUHTEMOC,15-045,"4760, 4761, 4762, 4764, 4769, 4812",
"148","8468134",TORTURA,DELITO DE BAJO IMPACTO,2015-11-17 17:30:00,"2015",Noviembre,Masculino,NA,FISICA,VICTIMA Y DENUNCIANTE,FUERO COMUN,"-99.1482447838304","19.4239222848036",CuauhtÃ©moc,"015","09","09015",DOCTORES I,9,15,CUAUHTEMOC,15-045,"4760, 4761, 4762, 4764, 4769, 4812",
"149","8496428",FRAUDE,DELITO DE BAJO IMPACTO,2015-04-15 00:00:00,"2015",Abril,Masculino,NA,FISICA,VICTIMA Y DENUNCIANTE,FUERO COMUN,"-99.1454689624906","19.421243666474",CuauhtÃ©moc,"015","09","09015",DOCTORES I,9,15,CUAUHTEMOC,15-045,"4760, 4761, 4762, 4764, 4769, 4812",
"150","8531355",FRAUDE,DELITO DE BAJO IMPACTO,2015-09-02 00:00:00,"2015",Septiembre,Masculino,NA,FISICA,VICTIMA,FUERO COMUN,"-99.1521835202973","19.425844447638",CuauhtÃ©moc,"015","09","09015",DOCTORES I,9,15,CUAUHTEMOC,15-045,"4760, 4761, 4762, 4764, 4769, 4812",
"151","8332354",FRAUDE,DELITO DE BAJO IMPACTO,2015-04-03 16:00:00,"2015",Abril,Femenino,"59",FISICA,VICTIMA Y DENUNCIANTE,FUERO COMUN,"-99.2320645939486","19.279924031533",Tlalpan,"012","09","09012",PEDREGAL DE SN NICOLAS 4A SECC II,9,12,TLALPAN,12-214,"3870, 3871, 3872","3820, 3878, 3818, 3819"
"152","8447754",TORTURA,DELITO DE BAJO IMPACTO,2015-02-13 23:30:00,"2015",Febrero,Masculino,NA,FISICA,VICTIMA Y DENUNCIANTE,FUERO COMUN,"-99.078974957074","19.3516679824953",Iztapalapa,"007","09","09007",8A DE SAN MIGUEL (AMPL),9,7,IZTAPALAPA,07-256,"2517","2515, 2516"
"153","8413250",ABUSO SEXUAL,DELITO DE BAJO IMPACTO,2015-04-22 11:00:00,"2015",Abril,Femenino,"47",FISICA,VICTIMA Y DENUNCIANTE,FUERO COMUN,"-99.1749662571685","19.3513128774655",CoyoacÃ¡n,"003","09","09003",DEL CARMEN,9,3,COYOACAN,03-037,"694, 695, 696, 697, 698, 701, 702","703, 706, 744"
"154","8340534",EJERCICIO INDEBIDO DEL SERVIDOR PUBLICO,DELITO DE BAJO IMPACTO,2015-01-10 02:21:00,"2015",Enero,Masculino,NA,FISICA,VICTIMA Y DENUNCIANTE,FUERO COMUN,"-99.1180973772398","19.4368806330855",Venustiano Carranza,"017","09","09017",PENITENCIARIA (AMPL),9,17,VENUSTIANO CARRANZA,17-046,"5231, 5234, 5241, 5242, 5243, 5245","5239"
"155","8352985",FRAUDE,DELITO DE BAJO IMPACTO,2015-04-13 12:00:00,"2015",Abril,Masculino,"0",FISICA,VICTIMA Y DENUNCIANTE,FUERO COMUN,"-99.1744778011981","19.3936677005084",Benito JuÃ¡rez,"014","09","09014",NAPOLES,9,14,BENITO JUAREZ,14-028,"4408, 4409, 4410, 4411, 4415, 4416, 4417, 4418",
"156","8470559",INSOLVENCIA ALIMENTARIA,DELITO DE BAJO IMPACTO,2015-08-15 12:00:00,"2015",Agosto,Femenino,"17",FISICA,VICTIMA,FUERO COMUN,"-99.0693501999721","19.2026701952481",Milpa Alta,"009","09","09009",SAN BARTOLOME XICOMULCO (PBLO),9,9,MILPA ALTA,09-003,"3151, 3152",
"157","8426347",DESPOJO,DELITO DE BAJO IMPACTO,2015-10-01 12:00:00,"2015",Octubre,Femenino,NA,FISICA,VICTIMA Y DENUNCIANTE,FUERO COMUN,"-99.2144599595172","19.2164200547284",Tlalpan,"012","09","09012",SANTO TOMAS AJUSCO (PBLO),9,12,TLALPAN,12-163,"3989, 3991, 3992","3990, 3987, 3988"
"158","8379603",VIOLACION,VIOLACIÃ“N,2015-08-27 10:00:00,"2015",Agosto,Femenino,"54",FISICA,VICTIMA Y DENUNCIANTE,FUERO COMUN,"-99.1784456488823","19.4157396087469",CuauhtÃ©moc,"015","09","09015",CONDESA,9,15,CUAUHTEMOC,15-008,"4532, 4533, 4549, 4550, 4551","4530, 4531, 4535, 4552, 4553"
"159","8381710",COBRANZA ILEGITIMA,DELITO DE BAJO IMPACTO,2015-10-20 17:00:00,"2015",Octubre,Femenino,"27",FISICA,VICTIMA Y DENUNCIANTE,FUERO COMUN,"-99.0305488904863","19.3236686528887",Iztapalapa,"007","09","09007",PARAJES BUENAVISTA (TETECON),9,7,IZTAPALAPA,07-156,,"2864"
"160","8334546",VIOLENCIA FAMILIAR,DELITO DE BAJO IMPACTO,2015-05-27 00:30:00,"2015",Mayo,Femenino,NA,FISICA,VICTIMA Y DENUNCIANTE,FUERO COMUN,"-99.1634146564505","19.4396165636069",CuauhtÃ©moc,"015","09","09015",SAN RAFAEL II,9,15,CUAUHTEMOC,15-074,"4831, 4832,  4856, 4857, 4858, 4859, 4860","4862, 4863"
"161","8516504",ABUSO DE CONFIANZA,DELITO DE BAJO IMPACTO,2015-04-15 15:00:00,"2015",Abril,Femenino,"36",FISICA,VICTIMA Y DENUNCIANTE,FUERO COMUN,"-99.12606501263","19.3163015316051",CoyoacÃ¡n,"003","09","09003",LOS CIPRESES,9,3,COYOACAN,03-072,"606","620"
"162","8330020",ABANDONO DE PERSONA,DELITO DE BAJO IMPACTO,2015-09-15 12:00:00,"2015",Septiembre,Masculino,"8",FISICA,VICTIMA,FUERO COMUN,"-99.1243538119723","19.4795977038164",Gustavo A. Madero,"005","09","09005",INDUSTRIAL II,9,5,GUSTAVO A. MADERO,05-224,"1091, 1093, 1094, 1108, 1109, 1112, 1127, 1128","1129, 1079, 1092"
"163","8330020",ABANDONO DE PERSONA,DELITO DE BAJO IMPACTO,2015-09-15 12:00:00,"2015",Septiembre,Masculino,"10",FISICA,VICTIMA,FUERO COMUN,"-99.1243538119723","19.4795977038164",Gustavo A. Madero,"005","09","09005",INDUSTRIAL II,9,5,GUSTAVO A. MADERO,05-224,"1091, 1093, 1094, 1108, 1109, 1112, 1127, 1128","1129, 1079, 1092"
"164","8451198",FRAUDE,DELITO DE BAJO IMPACTO,2015-03-01 12:00:00,"2015",Marzo,Femenino,NA,FISICA,VICTIMA Y DENUNCIANTE,FUERO COMUN,"-99.1692050845252","19.2878759795838",Tlalpan,"012","09","09012",TLALPAN CENTRO,9,12,TLALPAN,12-177,"3759, 3767, 3844, 3845, 3846, 3847","3843, 3848, 3766, 3765"
"165","8451205",FRAUDE,DELITO DE BAJO IMPACTO,2015-03-01 12:00:00,"2015",Marzo,Masculino,NA,FISICA,VICTIMA Y DENUNCIANTE,FUERO COMUN,"-99.1694023735917","19.2874850478727",Tlalpan,"012","09","09012",TLALPAN CENTRO,9,12,TLALPAN,12-177,"3759, 3767, 3844, 3845, 3846, 3847","3843, 3848, 3766, 3765"
"166","8451199",FRAUDE,DELITO DE BAJO IMPACTO,2015-03-01 12:00:00,"2015",Marzo,Femenino,NA,FISICA,VICTIMA Y DENUNCIANTE,FUERO COMUN,"-99.1693236143267","19.2876434285431",Tlalpan,"012","09","09012",TLALPAN CENTRO,9,12,TLALPAN,12-177,"3759, 3767, 3844, 3845, 3846, 3847","3843, 3848, 3766, 3765"
"167","8359763",FRAUDE,DELITO DE BAJO IMPACTO,2015-02-01 10:00:00,"2015",Febrero,Femenino,NA,FISICA,VICTIMA,FUERO COMUN,"-99.0851536146913","19.2589176969309",Xochimilco,"013","09","09013",CALTONGO (BARR),9,13,XOCHIMILCO,13-007,,"4142, 4143, 4144, 4186, 4184"
"168","8514760",ROBO DE OBJETOS,DELITO DE BAJO IMPACTO,2015-08-10 18:00:00,"2015",Agosto,Masculino,"38",FISICA,VICTIMA Y DENUNCIANTE,FUERO COMUN,"-99.1202791595426","19.2551351341384",Xochimilco,"013","09","09013",LA CONCHA,9,13,XOCHIMILCO,13-021,,"4192, 4232, 4234"
"169","8415926",ROBO DE OBJETOS,DELITO DE BAJO IMPACTO,2015-04-30 05:15:00,"2015",Abril,Masculino,NA,FISICA,VICTIMA Y DENUNCIANTE,FUERO COMUN,"-99.2019807377361","19.5000139151656",Azcapotzalco,"002","09","09002",TIERRA NUEVA,9,2,AZCAPOTZALCO,02-103,"191, 291","190, 197"
"170","8509699",FRAUDE,DELITO DE BAJO IMPACTO,2015-02-28 10:00:00,"2015",Febrero,Masculino,NA,FISICA,VICTIMA Y DENUNCIANTE,FUERO COMUN,"-99.149446153829","19.4568696951844",CuauhtÃ©moc,"015","09","09015",ATLAMPA,9,15,CUAUHTEMOC,15-004,"4586, 4646","4587, 4605, 4606, 4649, 4650"
"171","8498046",FRAUDE,DELITO DE BAJO IMPACTO,2015-02-08 12:00:00,"2015",Febrero,Femenino,NA,FISICA,VICTIMA Y DENUNCIANTE,FUERO COMUN,"-99.1295748007153","19.4377023028578",CuauhtÃ©moc,"015","09","09015",CENTRO III,9,15,CUAUHTEMOC,15-039,"4740, 4741, 4742, 4743, 4744, 4745, 4746",
"172","8374315",USURPACIÃ“N DE IDENTIDAD,DELITO DE BAJO IMPACTO,2015-01-01 12:00:00,"2015",Enero,Femenino,"73",FISICA,VICTIMA Y DENUNCIANTE,FUERO COMUN,"-99.0696904590397","19.3634653315592",Iztapalapa,"007","09","09007",LEYES DE REFORMA 1A SECCION,9,7,IZTAPALAPA,07-119,"2038, 2039, 2042, 2043","2019"
"173","8379126",VIOLENCIA FAMILIAR,DELITO DE BAJO IMPACTO,2015-05-20 17:40:00,"2015",Mayo,Masculino,"46",FISICA,VICTIMA Y DENUNCIANTE,FUERO COMUN,"-99.0255899001553","19.3427806980457",Iztapalapa,"007","09","09007",CITLALLI,9,7,IZTAPALAPA,07-030,"2563, 2564, 2615, 2617","2565, 2616, 2687"
"174","8340131",ABANDONO DE PERSONA,DELITO DE BAJO IMPACTO,2015-06-12 12:00:00,"2015",Junio,Femenino,NA,FISICA,VICTIMA Y DENUNCIANTE,FUERO COMUN,"-99.0818445998375","19.348608599393",Iztapalapa,"007","09","09007",EL MANTO,9,7,IZTAPALAPA,07-051,"2538, 2539","2515, 2516, 2536, 2537, 2540, 2541"
"175","8359742",FRAUDE,DELITO DE BAJO IMPACTO,2015-08-01 12:00:00,"2015",Agosto,Femenino,NA,FISICA,VICTIMA Y DENUNCIANTE,FUERO COMUN,"-99.1643614424107","19.2838629900331",Tlalpan,"012","09","09012",LA JOYA,9,12,TLALPAN,12-072,"4086","4082, 4087"
"176","8379909",ABANDONO DE PERSONA,DELITO DE BAJO IMPACTO,2015-12-10 07:00:00,"2015",Diciembre,Masculino,"54",FISICA,VICTIMA Y DENUNCIANTE,FUERO COMUN,"-99.0859600004999","19.3915532030962",Iztacalco,"006","09","09006",EL RODEO,9,6,IZTACALCO,06-008,"1873, 1874, 1875, 1876","1849"
"177","8425237",FRAUDE,DELITO DE BAJO IMPACTO,2015-01-30 12:00:00,"2015",Enero,Masculino,NA,FISICA,VICTIMA Y DENUNCIANTE,FUERO COMUN,"-99.1271299003349","19.3944260010421",Iztacalco,"006","09","09006",SAN PEDRO IZTACALCO,9,6,IZTACALCO,06-031,"1965, 1966, 1967, 1969, 1968",
"178","8522295",FRAUDE,DELITO DE BAJO IMPACTO,2015-09-09 12:00:00,"2015",Septiembre,Masculino,NA,FISICA,VICTIMA Y DENUNCIANTE,FUERO COMUN,"-99.0865566561211","19.3338048639558",Iztapalapa,"007","09","09007",SAN JUAN XALPA II,9,7,IZTAPALAPA,07-290,"2640, 2648, 2667, 2668","2662, 2663, 2666"
"179","8367546",FRAUDE,DELITO DE BAJO IMPACTO,2015-01-19 12:00:00,"2015",Enero,Femenino,NA,FISICA,VICTIMA Y DENUNCIANTE,FUERO COMUN,"-99.1826999187626","19.3625476218468",Benito JuÃ¡rez,"014","09","09014",SAN JOSE INSURGENTES,9,14,BENITO JUAREZ,14-041,"4469, 4470, 4473, 4478, 4481",
"180","8485733",FRAUDE,DELITO DE BAJO IMPACTO,2015-11-17 12:00:00,"2015",Noviembre,Masculino,NA,FISICA,VICTIMA Y DENUNCIANTE,FUERO COMUN,"-99.1819342767227","19.3672561303076",Benito JuÃ¡rez,"014","09","09014",SAN JOSE INSURGENTES,9,14,BENITO JUAREZ,14-041,"4469, 4470, 4473, 4478, 4481",
"181","8485783",FRAUDE,DELITO DE BAJO IMPACTO,2015-12-10 12:00:00,"2015",Diciembre,Masculino,NA,FISICA,VICTIMA Y DENUNCIANTE,FUERO COMUN,"-99.184899125935","19.366438928657",Benito JuÃ¡rez,"014","09","09014",SAN JOSE INSURGENTES,9,14,BENITO JUAREZ,14-041,"4469, 4470, 4473, 4478, 4481",
"182","8520089",FRAUDE,DELITO DE BAJO IMPACTO,2015-05-14 10:00:00,"2015",Mayo,NA,NA,MORAL,VICTIMA,FUERO COMUN,"-99.1602261878321","19.3790862731281",Benito JuÃ¡rez,"014","09","09014",DEL VALLE IV,9,14,BENITO JUAREZ,14-056,"4364, 4365, 4366","4367, 4368, 4369, 4394"
"183","8493387",ABUSO DE CONFIANZA,DELITO DE BAJO IMPACTO,2015-10-16 12:00:00,"2015",Octubre,Masculino,NA,FISICA,VICTIMA Y DENUNCIANTE,FUERO COMUN,"-99.1681453046889","19.3809363606223",Benito JuÃ¡rez,"014","09","09014",DEL VALLE IV,9,14,BENITO JUAREZ,14-056,"4364, 4365, 4366","4367, 4368, 4369, 4394"
"184","8433313",ROBO DE ACCESORIOS DE AUTO,DELITO DE BAJO IMPACTO,2015-05-21 18:30:00,"2015",Mayo,Femenino,"48",FISICA,VICTIMA Y DENUNCIANTE,FUERO COMUN,"-99.1679441012245","19.3807630035631",Benito JuÃ¡rez,"014","09","09014",DEL VALLE IV,9,14,BENITO JUAREZ,14-056,"4364, 4365, 4366","4367, 4368, 4369, 4394"
"185","8343148",DESPOJO,DELITO DE BAJO IMPACTO,2015-01-01 00:00:00,"2015",Enero,Masculino,NA,FISICA,VICTIMA Y DENUNCIANTE,FUERO COMUN,"-99.1834898071899","19.4482975000244",Miguel Hidalgo,"016","09","09016",ANAHUAC LOS MANZANOS,9,16,MIGUEL HIDALGO,16-009,"5126, 5136","5119, 5127, 5144, 5156"
"186","8355145",FRAUDE,DELITO DE BAJO IMPACTO,2015-02-04 12:00:00,"2015",Febrero,Masculino,NA,FISICA,VICTIMA Y DENUNCIANTE,FUERO COMUN,"-99.1997270017606","19.402944196013",Miguel Hidalgo,"016","09","09016",DANIEL GARZA,9,16,MIGUEL HIDALGO,16-024,"4975, 4985","4960, 4961, 4973"
"187","8402319",FRAUDE,DELITO DE BAJO IMPACTO,2015-10-15 10:00:00,"2015",Octubre,Masculino,NA,FISICA,VICTIMA Y DENUNCIANTE,FUERO COMUN,"-99.1905170884243","19.4626101115447",Miguel Hidalgo,"016","09","09016",SAN DIEGO OCOYOACAC,9,16,MIGUEL HIDALGO,16-072,"5108","5104, 5107"
"188","8512061",RESPONSABILIDAD PROFESIONAL,DELITO DE BAJO IMPACTO,2015-02-20 12:00:00,"2015",Febrero,Masculino,"60",FISICA,VICTIMA Y DENUNCIANTE,FUERO COMUN,"-99.1912459460412","19.4544556893591",Miguel Hidalgo,"016","09","09016",TACUBA,9,16,MIGUEL HIDALGO,16-077,"5039, 5042, 5043, 5044","5038, 5045, 5058, 5059, 5105, 5106"
"189","8400644",FRAUDE,DELITO DE BAJO IMPACTO,2015-06-15 12:00:00,"2015",Junio,Masculino,NA,FISICA,VICTIMA Y DENUNCIANTE,FUERO COMUN,"-99.1391211279406","19.5104549152269",Gustavo A. Madero,"005","09","09005",RESIDENCIAL LA ESCALERA (FRACC),9,5,GUSTAVO A. MADERO,05-145,"1051","1055"
"190","8424137",FRAUDE,DELITO DE BAJO IMPACTO,2015-12-03 12:00:00,"2015",Diciembre,Masculino,NA,FISICA,VICTIMA Y DENUNCIANTE,FUERO COMUN,"-99.198545926326","19.3755959664114",Ãlvaro ObregÃ³n,"010","09","09010",ALFONSO XIII,9,10,ALVARO OBREGON,10-009,"3409, 3408, 3407","3295, 3410, 3419, 3416, 3417, 3473, 3477"
"191","8340205",FRAUDE,DELITO DE BAJO IMPACTO,2015-09-05 15:00:00,"2015",Septiembre,Femenino,"59",FISICA,VICTIMA Y DENUNCIANTE,FUERO COMUN,"-99.2058560382732","19.3870397575099",Ãlvaro ObregÃ³n,"010","09","09010",SANTA FE (U HAB),9,10,ALVARO OBREGON,10-199,"3258, 3256, 3257, 3259, 3261","3255"
"192","8337923",FRAUDE,DELITO DE BAJO IMPACTO,2015-01-01 10:00:00,"2015",Enero,Masculino,NA,FISICA,VICTIMA Y DENUNCIANTE,FUERO COMUN,"-99.094166994341","19.424115771301",Venustiano Carranza,"017","09","09017",MOCTEZUMA 2A SECCION IV,9,17,VENUSTIANO CARRANZA,17-082,"5324, 5326, 5309, 5323, 5321, 5322, 5310, 5320","5325"
"193","8403577",DAÃ‘O EN PROPIEDAD AJENA CULPOSA,DELITO DE BAJO IMPACTO,2015-04-12 10:00:00,"2015",Abril,Femenino,NA,FISICA,VICTIMA Y DENUNCIANTE,FUERO COMUN,"-99.1005100004508","19.4608267962016",Gustavo A. Madero,"005","09","09005",GERTRUDIS SANCHEZ 3A SECCION,9,5,GUSTAVO A. MADERO,05-068,"1169, 1170, 1171, 1172, 1173","1159, 1160, 1168, 1188, 1189, 1190, 1205"
"194","8511609",FRAUDE,DELITO DE BAJO IMPACTO,2015-10-19 12:00:00,"2015",Octubre,Masculino,NA,FISICA,VICTIMA Y DENUNCIANTE,FUERO COMUN,"-99.1178542124645","19.3017906045512",CoyoacÃ¡n,"003","09","09003",LOS GIRASOLES I,9,3,COYOACAN,03-073,,"675"
"195","8464383",DAÃ‘O EN PROPIEDAD AJENA INTENCIONAL A BIENES INMUEBLES,DELITO DE BAJO IMPACTO,2015-01-10 12:30:00,"2015",Enero,Masculino,"78",FISICA,VICTIMA Y DENUNCIANTE,FUERO COMUN,"-99.1046297600033","19.4271422512785",Venustiano Carranza,"017","09","09017",MOCTEZUMA 1A SECCION,9,17,VENUSTIANO CARRANZA,17-042,"5304, 5314, 5317, 5318, 5327, 5328, 5329, 5330, 5334","5315, 5316"
"196","8468054",LA ADMINISTRACION DE JUSTICIA,DELITO DE BAJO IMPACTO,2015-08-22 19:00:00,"2015",Agosto,Masculino,NA,FISICA,VICTIMA Y DENUNCIANTE,FUERO COMUN,"-99.1111803002171","19.4103304012063",Venustiano Carranza,"017","09","09017",JARDIN BALBUENA III,9,17,VENUSTIANO CARRANZA,17-078,"5369, 5362, 5363, 5365, 5367, 5368, 5366, 5379, 5364, 5378","5361, 5380, 5381"
"197","8369607",TORTURA,DELITO DE BAJO IMPACTO,2015-12-31 14:00:00,"2015",Diciembre,Masculino,NA,FISICA,VICTIMA Y DENUNCIANTE,FUERO COMUN,"-99.125856054292","19.2371804851941",Xochimilco,"013","09","09013",SAN MATEO XALPA (PBLO),9,13,XOCHIMILCO,13-056,"4256","4251, 4252, 4255, 4257, 4263"
"198","8396426",FRAUDE,DELITO DE BAJO IMPACTO,2015-12-05 11:10:00,"2015",Diciembre,Masculino,NA,FISICA,VICTIMA Y DENUNCIANTE,FUERO COMUN,"-99.0399947225785","19.3075755920523",TlÃ¡huac,"011","09","09011",SAN MIGUEL ZAPOTITLA,9,11,TLAHUAC,11-036,"3612, 3613, 3624","3611, 3625, 3626, 3637"
"199","8405182",DESPOJO,DELITO DE BAJO IMPACTO,2015-01-15 10:00:00,"2015",Enero,Masculino,"72",FISICA,VICTIMA Y DENUNCIANTE,FUERO COMUN,"-99.22946090511","19.3598913846687",Ãlvaro ObregÃ³n,"010","09","09010",PRIVADA CENTENARIO,9,10,ALVARO OBREGON,10-180,,"3385"
"200","8328602",TORTURA,DELITO DE BAJO IMPACTO,2015-02-14 19:20:00,"2015",Febrero,Masculino,NA,FISICA,VICTIMA Y DENUNCIANTE,FUERO COMUN,"-99.2171113022325","19.3834831990683",Ãlvaro ObregÃ³n,"010","09","09010",LOMAS DE BECERRA,9,10,ALVARO OBREGON,10-124,"3266, 3249, 3265, 3267","3250, 3264, 3289"
"201","8469509",ABUSO DE CONFIANZA,DELITO DE BAJO IMPACTO,2015-04-15 10:00:00,"2015",Abril,Femenino,NA,FISICA,VICTIMA Y DENUNCIANTE,FUERO COMUN,"-99.1499624405584","19.4457933555083",CuauhtÃ©moc,"015","09","09015",BUENAVISTA I,9,15,CUAUHTEMOC,15-035,"4616, 4621, 4622, 4634",
"202","8451367",FRAUDE,DELITO DE BAJO IMPACTO,2015-02-10 18:00:00,"2015",Febrero,Masculino,"45",FISICA,VICTIMA Y DENUNCIANTE,FUERO COMUN,"-99.0266979978238","19.3693696344575",Iztapalapa,"007","09","09007",EJERCITO DE ORIENTE (U HAB) I,9,7,IZTAPALAPA,07-271,"2174, 2176, 2179, 2181, 2183","2173"
"203","8509427",FRAUDE,DELITO DE BAJO IMPACTO,2015-02-16 19:00:00,"2015",Febrero,Masculino,NA,FISICA,VICTIMA Y DENUNCIANTE,FUERO COMUN,"-99.1794036007541","19.4528388976735",Miguel Hidalgo,"016","09","09016",POPOTLA II,9,16,MIGUEL HIDALGO,16-093,"5001, 5002, 5003, 5011, 5040, 5041","5059"
"204","8358128",HOMICIDIO POR ARMA DE FUEGO,HOMICIDIO DOLOSO,2015-09-23 02:00:00,"2015",Septiembre,Masculino,NA,FISICA,CADAVER,INCOMPETENCIAS,NA,NA,,,,,,,,,,,
"205","8367334",DENUNCIA DE HECHOS,HECHO NO DELICTIVO,2015-06-16 12:00:00,"2015",Junio,Femenino,NA,FISICA,VICTIMA Y DENUNCIANTE,HECHOS NO DELICTIVOS,NA,NA,,,,,,,,,,,
"206","8412922",LA ADMINISTRACION DE JUSTICIA,DELITO DE BAJO IMPACTO,2015-05-06 12:00:00,"2015",Mayo,Masculino,NA,FISICA,VICTIMA Y DENUNCIANTE,FUERO COMUN,NA,NA,,,,,,,,,,,
"207","8378481",VIOLACION,VIOLACIÃ“N,2015-01-01 00:00:00,"2015",Enero,Femenino,"16",FISICA,VICTIMA,FUERO COMUN,NA,NA,,,,,,,,,,,
"208","8406692",TORTURA,DELITO DE BAJO IMPACTO,2015-07-26 13:00:00,"2015",Julio,Masculino,NA,FISICA,VICTIMA Y DENUNCIANTE,FUERO COMUN,NA,NA,,,,,,,,,,,
"209","8414312",HOMICIDIO POR ARMA DE FUEGO,HOMICIDIO DOLOSO,2015-06-21 07:03:00,"2015",Junio,Masculino,NA,FISICA,VICTIMA,INCOMPETENCIAS,NA,NA,,,,,,,,,,,
"210","8461914",ABUSO DE CONFIANZA,DELITO DE BAJO IMPACTO,2015-10-15 12:00:00,"2015",Octubre,NA,NA,MORAL,VICTIMA,INCOMPETENCIAS,NA,NA,,,,,,,,,,,
"211","8356255",VIOLENCIA FAMILIAR,DELITO DE BAJO IMPACTO,2015-07-30 19:20:00,"2015",Julio,Femenino,NA,FISICA,VICTIMA Y DENUNCIANTE,INCOMPETENCIAS,NA,NA,,,,,,,,,,,
"212","8436868",VIOLENCIA FAMILIAR,DELITO DE BAJO IMPACTO,2015-09-01 00:00:00,"2015",Septiembre,Femenino,NA,FISICA,VICTIMA,INCOMPETENCIAS,NA,NA,,,,,,,,,,,
"213","8487049",ABUSO SEXUAL,DELITO DE BAJO IMPACTO,2015-12-23 07:00:00,"2015",Diciembre,Femenino,"20",FISICA,VICTIMA Y DENUNCIANTE,INCOMPETENCIAS,NA,NA,,,,,,,,,,,
"214","8339904",ACOSO SEXUAL,DELITO DE BAJO IMPACTO,2015-07-15 16:15:00,"2015",Julio,Femenino,"16",FISICA,VICTIMA,FUERO COMUN,NA,NA,,,,,,,,,,,
"215","8458103",ABUSO SEXUAL,DELITO DE BAJO IMPACTO,2015-01-01 12:00:00,"2015",Enero,Femenino,"13",FISICA,VICTIMA,FUERO COMUN,NA,NA,,,,,,,,,,,
"216","8340639",FRAUDE,DELITO DE BAJO IMPACTO,2015-10-07 12:00:00,"2015",Octubre,Masculino,NA,FISICA,VICTIMA Y DENUNCIANTE,FUERO COMUN,NA,NA,,,,,,,,,,,
"217","8490549",FRAUDE,DELITO DE BAJO IMPACTO,2015-04-23 00:00:00,"2015",Abril,Masculino,NA,FISICA,VICTIMA,FUERO COMUN,NA,NA,,,,,,,,,,,
"218","8491282",DDH FDS,HECHO NO DELICTIVO,2015-07-02 10:00:00,"2015",Julio,Femenino,"12",FISICA,VICTIMA,HECHOS NO DELICTIVOS,NA,NA,,,,,,,,,,,
"219","8450948",ABANDONO DE PERSONA,DELITO DE BAJO IMPACTO,2015-05-14 12:00:00,"2015",Mayo,Femenino,"8",FISICA,VICTIMA,INCOMPETENCIAS,NA,NA,,,,,,,,,,,
"220","8436868",VIOLENCIA FAMILIAR,DELITO DE BAJO IMPACTO,2015-09-01 00:00:00,"2015",Septiembre,Femenino,"17",FISICA,VICTIMA,INCOMPETENCIAS,NA,NA,,,,,,,,,,,
"221","8386908",VIOLACION,VIOLACIÃ“N,2015-01-01 23:00:00,"2015",Enero,Masculino,"19",FISICA,VICTIMA Y DENUNCIANTE,FUERO COMUN,NA,NA,,,,,,,,,,,
"222","8322817",FRAUDE,DELITO DE BAJO IMPACTO,2015-03-04 12:00:00,"2015",Marzo,Masculino,NA,FISICA,VICTIMA Y DENUNCIANTE,INCOMPETENCIAS,NA,NA,,,,,,,,,,,
"223","8345342",FRAUDE,DELITO DE BAJO IMPACTO,2015-02-06 14:00:00,"2015",Febrero,Masculino,NA,FISICA,VICTIMA,FUERO COMUN,"-99.1504583004327","19.4052965021885",CuauhtÃ©moc,"015","09","09015",,,,,,,
"224","8340639",FRAUDE,DELITO DE BAJO IMPACTO,2015-10-07 12:00:00,"2015",Octubre,Masculino,NA,FISICA,VICTIMA,FUERO COMUN,NA,NA,,,,,,,,,,,
